Hours Studied,Previous Scores,Extracurricular Activities,Sleep Hours,Sample Question Papers Practiced,Performance Index
7,99,Yes,9,1,91
4,82,No,4,2,65
8,51,Yes,7,2,45
5,52,Yes,5,2,36
7,75,No,8,5,66
3,78,No,9,6,61
7,73,Yes,5,6,63
9,52,No,5,9,48
7,61,Yes,6,8,54
5,99,No,7,5,89
2,62,Yes,9,4,40
5,87,Yes,6,7,74
4,91,Yes,4,3,71
8,95,No,5,2,90
6,97,No,8,7,92
1,41,No,7,3,12
8,99,No,5,5,92
6,83,Yes,8,5,74
9,97,Yes,7,0,95
7,74,No,8,1,64
5,41,No,8,4,26
2,81,No,6,1,59
9,86,Yes,6,9,83
4,70,Yes,6,8,53
6,64,Yes,8,5,58
1,49,Yes,4,2,23
8,62,No,9,3,57
9,44,Yes,9,7,46
7,85,No,8,5,76
7,47,Yes,9,6,36
3,66,Yes,7,9,48
1,40,No,6,0,15
6,99,No,9,4,90
4,91,No,9,9,79
8,45,No,7,3,38
7,96,No,5,3,82
